date,strategy_cum_log_ret,buy_hold_cum_log_ret_nq,strategy_points_gained,buy_hold_points_gained,strategy_dollar_gains,buy_hold_dollar_gains
2022-05-23,0.0,0.009390569,0.00,121.36,$0.00,$2427.23
2022-05-24,-0.0124605279997922,-0.009944203,-161.04,-128.52,-$3220.73,-$2570.33
2022-05-25,-0.01610650170187,0.002916817,-208.16,37.70,-$4163.13,$753.92
2022-05-26,-0.0197570143045595,0.027409956,-255.33,354.24,-$5106.69,$7084.79
2022-05-27,-0.0169393492014933,0.057233,-218.92,739.66,-$4378.40,$14793.30
2022-05-31,-0.0263659866668604,0.05455943,-340.75,705.11,-$6814.95,$14102.25
2022-06-01,-0.0263659866668604,0.047645185,-340.75,615.75,-$6814.95,$12315.09
2022-06-02,-0.0277632566267129,0.07241278,-358.81,935.84,-$7176.11,$18716.89
2022-06-03,-0.0277632566267129,0.047936752,-358.81,619.52,-$7176.11,$12390.45
2022-06-06,-0.0277632566267129,0.051299404,-358.81,662.98,-$7176.11,$13259.61
2022-06-07,-0.0277632566267129,0.059341513,-358.81,766.91,-$7176.11,$15338.30
2022-06-08,-0.02919521421245,0.052659653,-377.31,680.56,-$7546.23,$13611.20
2022-06-09,-0.0186709467798209,0.027131163,-241.30,350.64,-$4825.97,$7012.73
2022-06-10,-0.0010900618854066,-0.0056901053,-14.09,-73.54,-$281.75,-$1470.75
2022-06-13,-0.0092413407819549,-0.047967028,-119.43,-619.91,-$2388.66,-$12398.28
2022-06-14,-0.0114590079338086,-0.046005405,-148.09,-594.56,-$2961.87,-$11891.25
2022-06-15,-0.0114590079338086,-0.023755388,-148.09,-307.01,-$2961.87,-$6140.17
2022-06-16,-0.0227681102569476,-0.060874566,-294.25,-786.73,-$5884.99,-$15734.55
2022-06-17,-0.0234299010480754,-0.050675917,-302.80,-654.92,-$6056.04,-$13098.46
2022-06-21,-0.0234299010480754,-0.02789116,-302.80,-360.46,-$6056.04,-$7209.17
2022-06-22,-0.0234299010480754,-0.029522505,-302.80,-381.54,-$6056.04,-$7630.83
2022-06-23,-0.0254536948050372,-0.01584562,-328.96,-204.78,-$6579.14,-$4095.70
2022-06-24,-0.0254536948050372,0.015821408,-328.96,204.47,-$6579.14,$4089.44
2022-06-27,-0.0229723795200698,0.008026475,-296.89,103.73,-$5937.79,$2074.64
2022-06-28,-0.0189158353641687,-0.020455102,-244.46,-264.36,-$4889.27,-$5287.13
2022-06-29,-0.0113316153328923,-0.019324556,-146.45,-249.75,-$2928.94,-$4994.91
2022-06-30,-0.0130645520093821,-0.031115703,-168.84,-402.13,-$3376.86,-$8042.63
2022-07-01,-0.0052832303063041,-0.025261292,-68.28,-326.47,-$1365.58,-$6529.41
2022-07-05,-0.0067600339116324,-0.009654124,-87.36,-124.77,-$1747.30,-$2495.35
2022-07-06,-0.0096763133933563,-0.0040573133,-125.05,-52.44,-$2501.09,-$1048.71
2022-07-07,-0.0106817028590739,0.014976532,-138.05,193.55,-$2760.95,$3871.06
2022-07-08,-0.0106817028590739,0.016405396,-138.05,212.02,-$2760.95,$4240.38
2022-07-11,-0.0087254135742114,-0.003673939,-112.77,-47.48,-$2255.30,-$949.62
2022-07-12,-0.0087254135742114,-0.01235728,-112.77,-159.70,-$2255.30,-$3194.05
2022-07-13,-0.0097563149629422,-0.014118789,-126.09,-182.47,-$2521.76,-$3649.35
2022-07-14,-0.009618672878787,-0.010714717,-124.31,-138.47,-$2486.19,-$2769.49
2022-07-15,-0.0071683180158288,0.005334519,-92.64,68.94,-$1852.83,$1378.84
2022-07-18,0.0019428054783929,-0.002447266,25.11,-31.63,$502.17,-$632.56
2022-07-19,0.0013267367303342,0.024900137,17.15,321.80,$342.93,$6436.06
2022-07-20,-0.0020660084428527,0.039474044,-26.70,510.15,-$534.01,$10203.05
2022-07-21,-0.0020660084428527,0.052534975,-26.70,678.95,-$534.01,$13578.98
2022-07-22,-0.0023059858049236,0.0364036,-29.80,470.47,-$596.04,$9409.42
2022-07-25,-0.0035087821543129,0.031325605,-45.35,404.84,-$906.93,$8096.89
2022-07-26,-0.0035087821543129,0.012999292,-45.35,168.00,-$906.93,$3359.99
2022-07-27,0.0002316236550541,0.05039388,2.99,651.28,$59.87,$13025.56
2022-07-28,-0.0020414949049154,0.059307817,-26.38,766.48,-$527.68,$15329.59
2022-07-29,-0.0020414949049154,0.075962186,-26.38,981.72,-$527.68,$19634.33
2022-08-01,-0.0020414949049154,0.07532422,-26.38,973.47,-$527.68,$19469.43
2022-08-02,-0.0020414949049154,0.07245058,-26.38,936.33,-$527.68,$18726.66
2022-08-03,-0.0020414949049154,0.09696538,-26.38,1253.16,-$527.68,$25063.13
2022-08-04,-0.0020414949049154,0.10104825,-26.38,1305.92,-$527.68,$26118.45
2022-08-05,-0.0020414949049154,0.093805626,-26.38,1212.32,-$527.68,$24246.41
2022-08-08,-0.0020414949049154,0.09068815,-26.38,1172.03,-$527.68,$23440.62
2022-08-09,-0.0020414949049154,0.08020144,-26.38,1036.50,-$527.68,$20730.07
2022-08-10,-0.0020414949049154,0.10537235,-26.38,1361.81,-$527.68,$27236.12
2022-08-11,-0.0036842352947132,0.10013297,-47.61,1294.09,-$952.28,$25881.87
2022-08-12,-0.0014565608125849,0.11808037,-18.82,1526.04,-$376.48,$30520.82
2022-08-15,-0.0014565608125849,0.125234,-18.82,1618.49,-$376.48,$32369.86
2022-08-16,-0.0019944209616369,0.12310841,-25.78,1591.02,-$515.51,$31820.45
2022-08-17,-0.0019944209616369,0.11242955,-25.78,1453.01,-$515.51,$29060.23
2022-08-18,-0.0019944209616369,0.11462925,-25.78,1481.44,-$515.51,$29628.80
2022-08-19,-0.005363430836951,0.096376054,-69.32,1245.54,-$1386.31,$24910.80
2022-08-22,-0.0050968711384484,0.071988605,-65.87,930.36,-$1317.41,$18607.25
2022-08-23,-0.0050968711384484,0.07081473,-65.87,915.19,-$1317.41,$18303.84
2022-08-24,-0.0050968711384484,0.07328526,-65.87,947.12,-$1317.41,$18942.41
2022-08-25,-0.0050968711384484,0.08911626,-65.87,1151.72,-$1317.41,$23034.33
2022-08-26,0.0039713474125164,0.050647095,51.32,654.55,$1026.49,$13091.01
2022-08-29,0.0039713474125164,0.041582435,51.32,537.40,$1026.49,$10748.02
2022-08-30,-0.0040156554296117,0.031176409,-51.90,402.92,-$1037.95,$8058.32
2022-08-31,-0.0040156554296117,0.025885724,-51.90,334.54,-$1037.95,$6690.81
2022-09-01,-0.008903601903512,0.026109014,-115.07,337.43,-$2301.36,$6748.53
2022-09-02,-0.004291838964491,0.012998187,-55.47,167.99,-$1109.33,$3359.71
2022-09-06,-0.0131719321489072,0.006301527,-170.23,81.44,-$3404.62,$1628.79
2022-09-07,-0.0077666919223702,0.024377108,-100.37,315.04,-$2007.50,$6300.87
2022-09-08,-0.0077666919223702,0.029156746,-100.37,376.81,-$2007.50,$7536.29
2022-09-09,-0.0077666919223702,0.048520967,-100.37,627.07,-$2007.50,$12541.46
2022-09-12,-0.0077666919223702,0.059936862,-100.37,774.61,-$2007.50,$15492.18
2022-09-13,-0.0013450193127937,0.00783891,-17.38,101.31,-$347.65,$2026.16
2022-09-14,-0.0013450193127937,0.015221518,-17.38,196.72,-$347.65,$3934.38
2022-09-15,0.004548455854092,-0.00095493696,58.78,-12.34,$1175.66,-$246.83
2022-09-16,0.0053822700319869,-0.0068606697,69.56,-88.67,$1391.18,-$1773.31
2022-09-19,0.0053822700319869,0.00076451176,69.56,9.88,$1391.18,$197.61
2022-09-20,0.0056703909649513,-0.006994879,73.28,-90.40,$1465.65,-$1808.00
2022-09-21,-0.0003186765825375,-0.02420274,-4.12,-312.79,-$82.37,-$6255.80
2022-09-22,-0.0020977031235815,-0.03528037,-27.11,-455.95,-$542.20,-$9119.09
2022-09-23,-0.0016480032027175,-0.050371505,-21.30,-650.99,-$425.97,-$13019.77
2022-09-26,-0.0089098235148412,-0.054820433,-115.15,-708.49,-$2302.97,-$14169.71
2022-09-27,0.0062570965346822,-0.053670898,80.87,-693.63,$1617.30,-$13872.59
2022-09-28,0.0128876777525874,-0.036012102,166.56,-465.41,$3331.14,-$9308.23
2022-09-29,0.0001310344596276,-0.061845917,1.69,-799.28,$33.87,-$15985.62
2022-09-30,-0.0045076053866068,-0.07835849,-58.26,-1012.69,-$1165.10,-$20253.71
2022-10-03,0.0071610689119552,-0.057062525,92.55,-737.46,$1850.96,-$14749.24
2022-10-04,0.0006572871134267,-0.028909612,8.49,-373.62,$169.89,-$7472.41
2022-10-05,-0.0007347440332523,-0.029479792,-9.50,-380.99,-$189.91,-$7619.79
2022-10-06,-0.00169427892979,-0.036923867,-21.90,-477.19,-$437.93,-$9543.90
2022-10-07,-0.0025390347254869,-0.07265296,-32.81,-938.95,-$656.28,-$18778.97
2022-10-10,-0.007770802865707,-0.08245707,-100.43,-1065.65,-$2008.56,-$21313.09
2022-10-11,-0.0045081146054144,-0.0938679,-58.26,-1213.13,-$1165.23,-$24262.51
2022-10-12,-0.0045081146054144,-0.09443446,-58.26,-1220.45,-$1165.23,-$24408.95
2022-10-13,0.002292570319696,-0.07411269,29.63,-957.81,$592.57,-$19156.28
2022-10-14,0.003162952587445,-0.10195708,40.88,-1317.67,$817.54,-$26353.36
2022-10-17,-0.0214660763922438,-0.071688384,-277.42,-926.48,-$5548.44,-$18529.66
2022-10-18,-0.0214660763922438,-0.064206064,-277.42,-829.78,-$5548.44,-$16595.66
2022-10-19,-0.022016524699211,-0.068144806,-284.54,-880.69,-$5690.72,-$17613.73
2022-10-20,-0.0206220009604294,-0.0736193,-266.51,-951.44,-$5330.27,-$19028.75
2022-10-21,-0.0172637598261644,-0.051959693,-223.11,-671.51,-$4462.25,-$13430.28
2022-10-24,-0.0172637598261644,-0.041910768,-223.11,-541.64,-$4462.25,-$10832.89
2022-10-25,-0.024343511866391,-0.02351787,-314.61,-303.94,-$6292.19,-$6078.78
2022-10-26,-0.024343511866391,-0.044024162,-314.61,-568.96,-$6292.19,-$11379.15
2022-10-27,-0.0281174992633168,-0.06117563,-363.38,-790.62,-$7267.67,-$15812.37
2022-10-28,-0.0257043337260256,-0.0335802,-332.20,-433.98,-$6643.93,-$8679.64
2022-10-31,-0.0257043337260256,-0.044403426,-332.20,-573.86,-$6643.93,-$11477.18
2022-11-01,-0.0257043337260256,-0.053892635,-332.20,-696.49,-$6643.93,-$13929.90
2022-11-02,-0.0294700495505821,-0.085968316,-380.86,-1111.03,-$7617.27,-$22220.66
2022-11-03,-0.0202273705581319,-0.10392531,-261.41,-1343.10,-$5228.27,-$26862.09
2022-11-04,-0.0249436651502037,-0.08972213,-322.37,-1159.55,-$6447.31,-$23190.93
2022-11-07,-0.0249436651502037,-0.0796608,-322.37,-1029.52,-$6447.31,-$20590.33
2022-11-08,-0.0138068166852463,-0.0730843,-178.44,-944.52,-$3568.72,-$18890.46
2022-11-09,-0.0110416687530232,-0.09495922,-142.70,-1227.23,-$2854.00,-$24544.58
2022-11-10,-0.0104627260443521,-0.030090127,-135.22,-388.88,-$2704.35,-$7777.55
2022-11-11,-0.0104627260443521,-0.012994653,-135.22,-167.94,-$2704.35,-$3358.79
2022-11-14,-0.0104627260443521,-0.02119394,-135.22,-273.91,-$2704.35,-$5478.10
2022-11-15,-0.0145966927957488,-0.008534508,-188.64,-110.30,-$3772.88,-$2205.96
2022-11-16,-0.0151812416152097,-0.0213302,-196.20,-275.67,-$3923.97,-$5513.32
2022-11-17,-0.0151812416152097,-0.023537764,-196.20,-304.20,-$3923.97,-$6083.92
2022-11-18,-0.0148108070134185,-0.023909079,-191.41,-308.99,-$3828.22,-$6179.90
2022-11-21,-0.0148108070134185,-0.03336276,-191.41,-431.17,-$3828.22,-$8623.44
2022-11-22,-0.0148108070134185,-0.020471884,-191.41,-264.57,-$3828.22,-$5291.47
2022-11-23,-0.0148108070134185,-0.011370156,-191.41,-146.95,-$3828.22,-$2938.90
2022-11-25,-0.0148108070134185,-0.017726589,-191.41,-229.09,-$3828.22,-$4581.88
2022-11-28,-0.011701429484674,-0.031468652,-151.23,-406.69,-$3024.53,-$8133.86
2022-11-29,-0.0123319670565251,-0.038410846,-159.38,-496.41,-$3187.51,-$9928.24
2022-11-30,0.0106171626903233,0.0026527736,137.21,34.28,$2744.27,$685.68
2022-12-01,0.0125393521811929,0.0033001914,162.06,42.65,$3241.11,$853.02
2022-12-02,0.0143370161022176,-0.00022752048,185.29,-2.94,$3705.76,-$58.81
2022-12-05,0.0179497768476721,-0.01648303,231.98,-213.02,$4639.57,-$4260.45
2022-12-06,0.0223635084967099,-0.035319526,289.02,-456.46,$5780.41,-$9129.21
2022-12-07,0.0223635084967099,-0.039642286,289.02,-512.33,$5780.41,-$10246.54
2022-12-08,0.0223635084967099,-0.02879089,289.02,-372.09,$5780.41,-$7441.73
2022-12-09,0.0223635084967099,-0.03464639,289.02,-447.76,$5780.41,-$8955.23
2022-12-12,0.0223635084967099,-0.02287142,289.02,-295.58,$5780.41,-$5911.69
2022-12-13,0.0223635084967099,-0.013128468,289.02,-169.67,$5780.41,-$3393.38
2022-12-14,0.0096433254930161,-0.020626467,124.63,-266.57,$2492.56,-$5331.43
2022-12-15,0.0086344825595006,-0.052501712,111.59,-678.52,$2231.80,-$13570.38
2022-12-16,0.0227137260717427,-0.06206879,293.55,-802.16,$5870.93,-$16043.23
2022-12-19,0.0248063260642084,-0.07470794,320.59,-965.51,$6411.82,-$19310.13
2022-12-20,0.0248063260642084,-0.07571694,320.59,-978.55,$6411.82,-$19570.94
2022-12-21,0.0248063260642084,-0.06255656,320.59,-808.47,$6411.82,-$16169.31
2022-12-22,0.0234576148050109,-0.08571797,303.16,-1107.80,$6063.21,-$22155.95
2022-12-23,0.0234576148050109,-0.08361894,303.16,-1080.67,$6063.21,-$21613.41
2022-12-27,0.0261459227240266,-0.09710328,337.90,-1254.94,$6758.07,-$25098.77
2022-12-28,0.0253097465374594,-0.1096839,327.10,-1417.53,$6541.94,-$28350.55
2022-12-29,0.0178049743462906,-0.08761355,230.11,-1132.30,$4602.14,-$22645.91
2022-12-30,0.0178049743462906,-0.08836432,230.11,-1142.00,$4602.14,-$22839.97
2023-01-03,0.039679316110778,-0.09508443,512.81,-1228.85,$10256.11,-$24576.95
2023-01-04,0.039679316110778,-0.090578385,512.81,-1170.61,$10256.11,-$23412.25
2023-01-05,0.0375400736302253,-0.10545148,485.16,-1362.83,$9703.17,-$27256.57
2023-01-06,0.0571152788688777,-0.080757245,738.14,-1043.69,$14762.87,-$20873.73
2023-01-09,0.0571152788688777,-0.07468782,738.14,-965.25,$14762.87,-$19304.93
2023-01-10,0.0559894521938986,-0.06665231,723.59,-861.40,$14471.87,-$17227.96
2023-01-11,0.0559894521938986,-0.05121459,723.59,-661.88,$14471.87,-$13237.69
2023-01-12,0.0569928314507706,-0.04672119,736.56,-603.81,$14731.22,-$12076.26
2023-01-13,0.0543626961880363,-0.040714867,702.57,-526.19,$14051.40,-$10523.78
2023-01-17,0.0543626961880363,-0.03914403,702.57,-505.89,$14051.40,-$10117.75
2023-01-18,0.0536841751236352,-0.050972488,693.80,-658.76,$13876.02,-$13175.11
2023-01-19,0.0576313455749186,-0.060585726,744.81,-782.99,$14896.26,-$15659.90
2023-01-20,0.0588212157526868,-0.035278376,760.19,-455.93,$15203.81,-$9118.58
2023-01-23,0.0588212157526868,-0.015278238,760.19,-197.45,$15203.81,-$3949.04
2023-01-24,0.0588212157526868,-0.01725912,760.19,-223.05,$15203.81,-$4461.05
2023-01-25,0.0540821830290951,-0.01957423,698.94,-252.97,$13978.89,-$5059.45
2023-01-26,0.0521894735647947,-0.0019091562,674.48,-24.67,$13489.67,-$493.47
2023-01-27,0.0521894735647947,0.007101626,674.48,91.78,$13489.67,$1835.59
2023-01-30,0.0521894735647947,-0.012122347,674.48,-156.67,$13489.67,-$3133.32
2023-01-31,0.0526057558672619,0.0017968289,679.86,23.22,$13597.27,$464.44
2023-02-01,0.0558407587886904,0.02197298,721.67,283.97,$14433.44,$5679.47
2023-02-02,0.0558407587886904,0.053931285,721.67,696.99,$14433.44,$13939.89
2023-02-03,0.0489778623377787,0.037086546,632.98,479.30,$12659.55,$9585.94
2023-02-06,0.0489778623377787,0.028862609,632.98,373.01,$12659.55,$7460.26
2023-02-07,0.0457241809854167,0.047905035,590.93,619.11,$11818.56,$12382.25
2023-02-08,0.0457241809854167,0.03108717,590.93,401.76,$11818.56,$8035.26
2023-02-09,0.0525500344665488,0.0224591,679.14,290.26,$13582.87,$5805.12
2023-02-10,0.0525500344665488,0.016370831,679.14,211.57,$13582.87,$4231.45
2023-02-13,0.0525500344665488,0.03119808,679.14,403.20,$13582.87,$8063.92
2023-02-14,0.0531040548921737,0.037546348,686.30,485.24,$13726.07,$9704.79
2023-02-15,0.0548807674913405,0.045115314,709.27,583.06,$14185.31,$11661.18
2023-02-16,0.0548807674913405,0.026503151,709.27,342.52,$14185.31,$6850.40
2023-02-17,0.0548807674913405,0.01982199,709.27,256.17,$14185.31,$5123.49
2023-02-21,0.0532718072663556,-0.0024446994,688.47,-31.59,$13769.43,-$631.89
2023-02-22,0.0532718072663556,-0.0020235635,688.47,-26.15,$13769.43,-$523.04
2023-02-23,0.0532718072663556,0.0057929535,688.47,74.87,$13769.43,$1497.33
2023-02-24,0.0532718072663556,-0.010133029,688.47,-130.96,$13769.43,-$2619.13
2023-02-27,0.0532718072663556,-0.003517479,688.47,-45.46,$13769.43,-$909.18
2023-02-28,0.0532718072663556,-0.0050133476,688.47,-64.79,$13769.43,-$1295.83
2023-03-01,0.0532718072663556,-0.012663382,688.47,-163.66,$13769.43,-$3273.17
2023-03-02,0.0518479696565918,-0.0049177464,670.07,-63.56,$13401.40,-$1271.11
2023-03-03,0.050335774265477,0.013849339,650.53,178.99,$13010.54,$3579.71
2023-03-06,0.0535627952303912,0.014696636,692.23,189.94,$13844.64,$3798.71
2023-03-07,0.0546659608371555,0.0029777798,706.49,38.48,$14129.78,$769.68
2023-03-08,0.0546659608371555,0.007689286,706.49,99.37,$14129.78,$1987.49
2023-03-09,0.069705999805592,-0.0094779385,900.86,-122.49,$18017.26,-$2449.81
2023-03-10,0.0698530825211491,-0.022305148,902.76,-288.27,$18055.28,-$5765.32
2023-03-13,0.0698530825211491,-0.015745215,902.76,-203.49,$18055.28,-$4069.74
2023-03-14,0.0677223421989765,0.005411554,875.23,69.94,$17504.53,$1398.75
2023-03-15,0.0677223421989765,0.010149587,875.23,131.17,$17504.53,$2623.41
2023-03-16,0.0658893284307851,0.03437637,851.54,444.27,$17030.74,$8885.43
2023-03-17,0.0658893284307851,0.029288422,851.54,378.52,$17030.74,$7570.32
2023-03-20,0.0658893284307851,0.032640044,851.54,421.83,$17030.74,$8436.64
2023-03-21,0.0658893284307851,0.046172768,851.54,596.73,$17030.74,$11934.51
2023-03-22,0.0728237380426435,0.03306528,941.16,427.33,$18823.12,$8546.55
2023-03-23,0.0679585480465903,0.04398196,878.28,568.41,$17565.59,$11368.24
2023-03-24,0.0686882027439423,0.047430597,887.71,612.98,$17754.18,$12259.62
2023-03-27,0.0686882027439423,0.040521108,887.71,523.68,$17754.18,$10473.69
2023-03-28,0.0686882027439423,0.035556205,887.71,459.52,$17754.18,$9190.39
2023-03-29,0.0686882027439423,0.05284344,887.71,682.94,$17754.18,$13658.71
2023-03-30,0.0681650951519259,0.06123257,880.95,791.35,$17618.97,$15827.09
2023-03-31,0.0681650951519259,0.07665355,880.95,990.65,$17618.97,$19813.03
2023-04-03,0.0681650951519259,0.074315555,880.95,960.44,$17618.97,$19208.71
2023-04-04,0.0681650951519259,0.071118906,880.95,919.12,$17618.97,$18382.46
2023-04-05,0.0681650951519259,0.06081988,880.95,786.02,$17618.97,$15720.42
2023-04-06,0.0681650951519259,0.06739451,880.95,870.99,$17618.97,$17419.80
2023-04-10,0.0681650951519259,0.06691238,880.95,864.76,$17618.97,$17295.18
2023-04-11,0.0681650951519259,0.060622357,880.95,783.47,$17618.97,$15669.36
2023-04-12,0.0695429475817945,0.0520655,898.76,672.88,$17975.11,$13457.63
2023-04-13,0.0637784696373273,0.07019414,824.26,907.17,$16485.14,$18143.43
2023-04-14,0.0581352386143407,0.068090744,751.33,879.99,$15026.51,$17599.76
2023-04-17,0.0581352386143407,0.068697214,751.33,887.83,$15026.51,$17756.51
2023-04-18,0.0581352386143407,0.06871497,751.33,888.06,$15026.51,$17761.10
2023-04-19,0.0581352386143407,0.068233535,751.33,881.83,$15026.51,$17636.66
2023-04-20,0.0581352386143407,0.060640242,751.33,783.70,$15026.51,$15673.99
2023-04-21,0.0581352386143407,0.06144891,751.33,794.15,$15026.51,$15883.01
2023-04-24,0.0581352386143407,0.059363298,751.33,767.20,$15026.51,$15343.93
2023-04-25,0.0603929326334764,0.041144878,780.50,531.75,$15610.06,$10634.92
2023-04-26,0.0610127271847886,0.046555903,788.51,601.68,$15770.26,$12033.54
2023-04-27,0.0605150975370634,0.07167082,782.08,926.26,$15641.64,$18525.12
2023-04-28,0.0605150975370634,0.07821035,782.08,1010.77,$15641.64,$20215.42
2023-05-01,0.0598073607743572,0.07683154,772.94,992.95,$15458.71,$19859.03
2023-05-02,0.0598073607743572,0.06835878,772.94,883.45,$15458.71,$17669.04
2023-05-03,0.0598073607743572,0.062275402,772.94,804.83,$15458.71,$16096.63
2023-05-04,0.0585626440970372,0.058553558,756.85,756.73,$15136.98,$15134.63
2023-05-05,0.0585626440970372,0.07824538,756.85,1011.22,$15136.98,$20224.47
2023-05-08,0.0585626440970372,0.08039756,756.85,1039.04,$15136.98,$20780.76
2023-05-09,0.0585626440970372,0.074156746,756.85,958.38,$15136.98,$19167.66
2023-05-10,0.057730578157134,0.08433757,746.10,1089.96,$14921.91,$21799.15
2023-05-11,0.057730578157134,0.08691507,746.10,1123.27,$14921.91,$22465.37
2023-05-12,0.0583839396294934,0.08342409,754.54,1078.15,$15090.79,$21563.04
2023-05-15,0.0576310337455652,0.08864696,744.81,1145.65,$14896.18,$22913.02
2023-05-16,0.0576310337455652,0.08936354,744.81,1154.91,$14896.18,$23098.24
2023-05-17,0.0602922043945,0.10065342,779.20,1300.82,$15584.03,$26016.39
2023-05-18,0.0602922043945,0.117437735,779.20,1517.74,$15584.03,$30354.72
2023-05-19,0.0602922043945,0.11529578,779.20,1490.05,$15584.03,$29801.08
2023-05-22,0.0602922043945,0.11849028,779.20,1531.34,$15584.03,$30626.78
2023-05-23,0.0594817228520696,0.106216565,768.73,1372.72,$15374.54,$27454.33
2023-05-24,0.0569204780149448,0.10120619,735.63,1307.96,$14712.52,$26159.27
2023-05-25,0.0569204780149448,0.12343213,735.63,1595.21,$14712.52,$31904.12
2023-05-26,0.0569204780149448,0.14710534,735.63,1901.15,$14712.52,$38023.05
2023-05-30,0.0569204780149448,0.15133375,735.63,1955.80,$14712.52,$39115.99
2023-05-31,0.0569204780149448,0.14505906,735.63,1874.71,$14712.52,$37494.14
2023-06-01,0.0583911865360278,0.1563126,754.63,2020.14,$15092.66,$40402.90
2023-06-02,0.0564448318655195,0.16321538,729.48,2109.35,$14589.58,$42187.10
2023-06-05,0.0564448318655195,0.1637503,729.48,2116.27,$14589.58,$42325.36
2023-06-06,0.0564448318655195,0.16350733,729.48,2113.13,$14589.58,$42262.56
2023-06-07,0.0724668871735048,0.14702342,936.54,1900.09,$18730.88,$38001.88
2023-06-08,0.0814861321596254,0.15804294,1053.11,2042.51,$21062.13,$40850.15
2023-06-09,0.0814861321596254,0.16173804,1053.11,2090.26,$21062.13,$41805.24
2023-06-12,0.0814861321596254,0.17795093,1053.11,2299.79,$21062.13,$45995.87
2023-06-13,0.085258038034226,0.1848808,1101.85,2389.35,$22037.07,$47787.06
2023-06-14,0.0838740941726428,0.19165325,1083.97,2476.88,$21679.36,$49537.57
2023-06-15,0.0825823175437108,0.20258375,1067.27,2618.14,$21345.46,$52362.83
2023-06-16,0.0825823175437108,0.19615276,1067.27,2535.03,$21345.46,$50700.58
2023-06-20,0.0825823175437108,0.19481762,1067.27,2517.77,$21345.46,$50355.48
2023-06-21,0.0825823175437108,0.18163691,1067.27,2347.43,$21345.46,$46948.60
2023-06-22,0.0850953766494058,0.19225213,1099.75,2484.62,$21995.03,$49692.37
2023-06-23,0.0850953766494058,0.18257615,1099.75,2359.57,$21995.03,$47191.37
2023-06-26,0.0850953766494058,0.16958752,1099.75,2191.71,$21995.03,$43834.13
2023-06-27,0.0870321060319838,0.18564314,1124.78,2399.21,$22495.62,$47984.11
2023-06-28,0.0870321060319838,0.18764001,1124.78,2425.01,$22495.62,$48500.25
2023-06-29,0.0870321060319838,0.18532555,1124.78,2395.10,$22495.62,$47902.02
2023-06-30,0.0870321060319838,0.19967858,1124.78,2580.60,$22495.62,$51611.92
2023-07-03,0.0869854767697688,0.20130393,1124.18,2601.60,$22483.57,$52032.03
2023-07-05,0.0869854767697688,0.20147619,1124.18,2603.83,$22483.57,$52076.56
2023-07-06,0.0918980648657452,0.19370104,1187.67,2503.34,$23753.35,$50066.88
2023-07-07,0.0889063899321627,0.19040744,1149.00,2460.78,$22980.08,$49215.56
2023-07-10,0.0871989178504009,0.19081788,1126.94,2466.08,$22538.74,$49321.65
2023-07-11,0.0871989178504009,0.19514821,1126.94,2522.05,$22538.74,$50440.93
2023-07-12,0.0871989178504009,0.20720647,1126.94,2677.88,$22538.74,$53557.69
2023-07-13,0.0845418862245424,0.2228726,1092.60,2880.35,$21851.96,$57607.00
2023-07-14,0.0845418862245424,0.2226896,1092.60,2877.98,$21851.96,$57559.69
2023-07-17,0.0845418862245424,0.23130487,1092.60,2989.33,$21851.96,$59786.53
2023-07-18,0.0845875194736436,0.23906423,1093.19,3089.61,$21863.76,$61792.13
2023-07-19,0.0845875194736436,0.2381012,1093.19,3077.16,$21863.76,$61543.21
2023-07-20,0.0845875194736436,0.21563241,1093.19,2786.78,$21863.76,$55735.59
2023-07-21,0.0813296918440755,0.21251747,1051.08,2746.52,$21021.69,$54930.45
2023-07-24,0.0830075774192664,0.21413778,1072.77,2767.46,$21455.38,$55349.26
2023-07-25,0.0830075774192664,0.22048554,1072.77,2849.50,$21455.38,$56990.00
2023-07-26,0.0818083222238783,0.21715535,1057.27,2806.46,$21145.41,$56129.23
2023-07-27,0.0934303430531144,0.21427718,1207.47,2769.26,$24149.41,$55385.29
2023-07-28,0.0934303430531144,0.23162343,1207.47,2993.44,$24149.41,$59868.87
2023-07-31,0.0934303430531144,0.23244153,1207.47,3004.02,$24149.41,$60080.32
2023-08-01,0.0934303430531144,0.22962138,1207.47,2967.57,$24149.41,$59351.39
2023-08-02,0.0934303430531144,0.20823142,1207.47,2691.13,$24149.41,$53822.62
2023-08-03,0.0934303430531144,0.20591784,1207.47,2661.23,$24149.41,$53224.61
2023-08-04,0.0934303430531144,0.20136808,1207.47,2602.43,$24149.41,$52048.61
2023-08-07,0.0960308445919508,0.20936309,1241.08,2705.76,$24821.57,$54115.12
2023-08-08,0.0960308445919508,0.20088387,1241.08,2596.17,$24821.57,$51923.46
2023-08-09,0.0960308445919508,0.19020246,1241.08,2458.13,$24821.57,$49162.58
2023-08-10,0.0959205666713387,0.19148055,1239.65,2474.65,$24793.07,$49492.94
2023-08-11,0.0959205666713387,0.1851836,1239.65,2393.27,$24793.07,$47865.33
2023-08-14,0.1047810452928390,0.19601259,1354.16,2533.22,$27083.28,$50664.35
2023-08-15,0.104193516081068,0.18546921,1346.57,2396.96,$26931.42,$47939.15
2023-08-16,0.1015838491894100,0.17484577,1312.84,2259.66,$26256.89,$45193.26
2023-08-17,0.1012620042838530,0.16407597,1308.68,2120.48,$26173.70,$42409.54
2023-08-18,0.1015394438527440,0.16266468,1312.27,2102.24,$26245.41,$42044.75
2023-08-21,0.1015394438527440,0.17791966,1312.27,2299.39,$26245.41,$45987.78
2023-08-22,0.0996852567350288,0.17622316,1288.31,2277.46,$25766.15,$45549.28
2023-08-23,0.1007087748130290,0.19132233,1301.54,2472.60,$26030.70,$49452.04
2023-08-24,0.1036547849598720,0.16971712,1339.61,2193.38,$26792.17,$43867.63
2023-08-25,0.1036547849598720,0.17731246,1339.61,2291.54,$26792.17,$45830.84
2023-08-28,0.1036547849598720,0.18450153,1339.61,2384.45,$26792.17,$47689.03
2023-08-29,0.0959378483257751,0.204829,1239.88,2647.16,$24797.54,$52943.18
2023-08-30,0.0929324880871718,0.21030745,1201.04,2717.96,$24020.72,$54359.22
2023-08-31,0.0929324880871718,0.2121937,1201.04,2742.34,$24020.72,$54846.77
2023-09-01,0.0929324880871718,0.2114365,1201.04,2732.55,$24020.72,$54651.05
2023-09-05,0.0929324880871718,0.21231785,1201.04,2743.94,$24020.72,$54878.86
2023-09-06,0.0904621913377923,0.20386389,1169.11,2634.69,$23382.21,$52693.72
2023-09-07,0.0913937719069508,0.19628063,1181.15,2536.68,$23623.01,$50733.64
2023-09-08,0.0913937719069508,0.19744183,1181.15,2551.69,$23623.01,$51033.78
2023-09-11,0.0913937719069508,0.2088218,1181.15,2698.76,$23623.01,$53975.21
2023-09-12,0.0913937719069508,0.19784956,1181.15,2556.96,$23623.01,$51139.17
2023-09-13,0.0913937719069508,0.20138513,1181.15,2602.65,$23623.01,$52053.02
2023-09-14,0.0913937719069508,0.20872876,1181.15,2697.56,$23623.01,$53951.17
2023-09-15,0.0950653649797459,0.19110326,1228.60,2469.77,$24572.02,$49395.42
2023-09-18,0.0950653649797459,0.19250634,1228.60,2487.90,$24572.02,$49758.08
2023-09-19,0.0950653649797459,0.1902666,1228.60,2458.96,$24572.02,$49179.16
2023-09-20,0.1032970494143230,0.17593709,1334.99,2273.77,$26699.70,$45475.34
2023-09-21,0.1147031162927310,0.15714763,1482.39,2030.94,$29647.89,$40618.73
2023-09-22,0.1109560062704990,0.15747407,1433.97,2035.16,$28679.35,$40703.11
2023-09-25,0.1077787650810930,0.16203292,1392.91,2094.07,$27858.12,$41881.46
2023-09-26,0.1111783726919380,0.14710873,1436.84,1901.20,$28736.83,$38023.93
2023-09-27,0.1095079103324680,0.14941438,1415.25,1930.99,$28305.06,$38619.88
2023-09-28,0.1095079103324680,0.15693639,1415.25,2028.21,$28305.06,$40564.13
2023-09-29,0.1098341629622150,0.15749139,1419.47,2035.38,$28389.39,$40707.59
2023-10-02,0.1103389285053710,0.16535771,1425.99,2137.04,$28519.85,$42740.83
2023-10-03,0.1103059930028390,0.1478179,1425.57,1910.36,$28511.34,$38207.23
2023-10-04,0.1103059930028390,0.16092862,1425.57,2079.80,$28511.34,$41596.03
2023-10-05,0.1103059930028390,0.15742636,1425.57,2034.54,$28511.34,$40690.78
2023-10-06,0.1099668793176530,0.17343584,1421.18,2241.44,$28423.69,$44828.83
2023-10-09,0.1129765794721610,0.17840147,1460.08,2305.62,$29201.62,$46112.32
2023-10-10,0.1129765794721610,0.18347035,1460.08,2371.12,$29201.62,$47422.50
2023-10-11,0.1108199614391200,0.19023599,1432.21,2458.56,$28644.19,$49171.25
2023-10-12,0.1162864773541510,0.18632779,1502.86,2408.05,$30057.15,$48161.08
2023-10-13,0.1166397217712070,0.17396553,1507.42,2248.29,$30148.45,$44965.74
2023-10-16,0.1166397217712070,0.18494685,1507.42,2390.21,$30148.45,$47804.14
2023-10-17,0.1158700170162770,0.18160725,1497.48,2347.05,$29949.50,$46940.93
2023-10-18,0.1177903342722860,0.16765283,1522.29,2166.70,$30445.86,$43334.07
2023-10-19,0.1200415780331240,0.15871294,1551.39,2051.17,$31027.75,$41023.33
2023-10-20,0.1210850450006550,0.14397013,1564.87,1860.63,$31297.46,$37212.68
2023-10-23,0.1410636752043500,0.14692599,1823.07,1898.83,$36461.43,$37976.70
2023-10-24,0.1410636752043500,0.15613462,1823.07,2017.84,$36461.43,$40356.90
2023-10-25,0.1424500829525640,0.1316724,1840.99,1701.70,$36819.79,$34034.02
2023-10-26,0.1424500829525640,0.11260499,1840.99,1455.28,$36819.79,$29105.57
2023-10-27,0.1449868233976300,0.117457226,1873.77,1517.99,$37475.47,$30359.76
2023-10-30,0.1449868233976300,0.12779784,1873.77,1651.63,$37475.47,$33032.55
2023-10-31,0.1449868233976300,0.13254337,1873.77,1712.96,$37475.47,$34259.15
2023-11-01,0.1471515334487780,0.14934817,1901.75,1930.14,$38034.99,$38602.77
2023-11-02,0.1490554353877090,0.16610162,1926.36,2146.66,$38527.10,$42933.12
2023-11-03,0.1517856448263050,0.17736167,1961.64,2292.18,$39232.79,$45843.56
2023-11-06,0.1517057871751600,0.1811454,1960.61,2341.08,$39212.15,$46821.56
2023-11-07,0.1517057871751600,0.19012421,1960.61,2457.12,$39212.15,$49142.36
2023-11-08,0.1517057871751600,0.19066101,1960.61,2464.06,$39212.15,$49281.10
2023-11-09,0.1578322940458750,0.18272191,2039.79,2361.45,$40795.70,$47229.05
2023-11-10,0.1584262964115620,0.2040513,2047.46,2637.11,$40949.24,$52742.16
2023-11-13,0.1584262964115620,0.20096274,2047.46,2597.19,$40949.24,$51943.84
2023-11-14,0.1584262964115620,0.22143617,2047.46,2861.79,$40949.24,$57235.71
2023-11-15,0.1604852301807110,0.22215545,2074.07,2871.08,$41481.42,$57421.63
2023-11-16,0.1604852301807110,0.22256845,2074.07,2876.42,$41481.42,$57528.38
2023-11-17,0.1604852301807110,0.22258356,2074.07,2876.61,$41481.42,$57532.29
2023-11-20,0.1604852301807110,0.23419626,2074.07,3026.69,$41481.42,$60533.88
2023-11-21,0.1604852301807110,0.22813283,2074.07,2948.33,$41481.42,$58966.63
2023-11-22,0.1604852301807110,0.23174495,2074.07,2995.01,$41481.42,$59900.28
2023-11-24,0.1615328982352370,0.22950017,2087.61,2966.00,$41752.22,$59320.06
2023-11-27,0.1615328982352370,0.22928762,2087.61,2963.26,$41752.22,$59265.12
2023-11-28,0.1662559851865810,0.23172957,2148.65,2994.82,$42973.02,$59896.30
2023-11-29,0.1724777969720890,0.23039547,2229.06,2977.57,$44581.20,$59551.47
2023-11-30,0.1724777969720890,0.22767597,2229.06,2942.43,$44581.20,$58848.55
2023-12-01,0.1726607134733060,0.23034976,2231.42,2976.98,$44628.48,$59539.65
2023-12-04,0.1605584994867970,0.22099108,2075.02,2856.03,$41500.36,$57120.67
2023-12-05,0.1605584994867970,0.22346821,2075.02,2888.05,$41500.36,$57760.95
2023-12-06,0.1610502160947360,0.21752357,2081.37,2811.22,$41627.45,$56224.40
2023-12-07,0.1550294458393180,0.23097034,2003.56,2985.00,$40071.24,$59700.06
2023-12-08,0.1550294458393180,0.23481348,2003.56,3034.67,$40071.24,$60693.41
2023-12-11,0.1550294458393180,0.24314521,2003.56,3142.35,$40071.24,$62846.96
2023-12-12,0.1608203018704440,0.2508886,2078.40,3242.42,$41568.03,$64848.43
2023-12-13,0.1673915057581330,0.26282522,2163.33,3396.69,$43266.52,$67933.75
2023-12-14,0.176199890247517,0.2614144,2277.16,3378.45,$45543.27,$67569.09
2023-12-15,0.1751282844015800,0.26518744,2263.31,3427.22,$45266.28,$68544.32
2023-12-18,0.1751282844015800,0.27210826,2263.31,3516.66,$45266.28,$70333.18
2023-12-19,0.17504118341094,0.27691317,2262.19,3578.76,$45243.77,$71575.13
2023-12-20,0.1741974457072500,0.26193064,2251.28,3385.13,$45025.68,$67702.52
2023-12-21,0.1643391904326560,0.2728364,2123.88,3526.07,$42477.57,$70521.39
2023-12-22,0.164165249357211,0.2745506,2121.63,3548.22,$42432.61,$70964.47
2023-12-26,0.1668628311899740,0.2805701,2156.49,3626.02,$43129.87,$72520.36
2023-12-27,0.1668628311899740,0.28245792,2156.49,3650.42,$43129.87,$73008.31
2023-12-28,0.1668628311899740,0.2809447,2156.49,3630.86,$43129.87,$72617.18
2023-12-29,0.1668628311899740,0.2767972,2156.49,3577.26,$43129.87,$71545.16
2024-01-02,0.1668628311899740,0.2593844,2156.49,3352.22,$43129.87,$67044.38
2024-01-03,0.1662086874430320,0.24870262,2148.04,3214.17,$42960.79,$64283.41
2024-01-04,0.1662086874430320,0.24290714,2148.04,3139.27,$42960.79,$62785.42
2024-01-05,0.1662086874430320,0.24410528,2148.04,3154.76,$42960.79,$63095.11
2024-01-08,0.1667375096885730,0.26410425,2154.87,3413.22,$43097.48,$68264.35
2024-01-09,0.1667375096885730,0.265892,2154.87,3436.32,$43097.48,$68726.43
2024-01-10,0.1667375096885730,0.27229896,2154.87,3519.12,$43097.48,$70382.47
2024-01-11,0.1667375096885730,0.27369428,2154.87,3537.16,$43097.48,$70743.13
2024-01-12,0.1667375096885730,0.27408677,2154.87,3542.23,$43097.48,$70844.58
2024-01-16,0.1671762835958360,0.27383965,2160.54,3539.04,$43210.89,$70780.70
2024-01-17,0.1671762835958360,0.2680566,2160.54,3464.30,$43210.89,$69285.93
2024-01-18,0.1667263987019400,0.28199795,2154.73,3644.47,$43094.61,$72889.42
2024-01-19,0.1677642445847600,0.30103433,2168.14,3890.49,$43362.86,$77809.85
2024-01-22,0.1740563308567290,0.30206552,2249.46,3903.82,$44989.21,$78076.39
2024-01-23,0.1740563308567290,0.30594113,2249.46,3953.91,$44989.21,$79078.13
2024-01-24,0.1731144424202280,0.31128657,2237.29,4022.99,$44745.76,$80459.80
2024-01-25,0.1734349352564100,0.31202787,2241.43,4032.57,$44828.59,$80651.40
2024-01-26,0.1734349352564100,0.30591378,2241.43,3953.55,$44828.59,$79071.06
2024-01-29,0.1750671262716420,0.31593484,2262.52,4083.06,$45250.48,$81661.26
2024-01-30,0.1729062704698660,0.30898926,2234.60,3993.30,$44691.95,$79866.00
2024-01-31,0.1741783219058560,0.2894484,2251.04,3740.76,$45020.74,$74815.18
2024-02-01,0.1687875707302740,0.30090833,2181.37,3888.86,$43627.37,$77777.28
2024-02-02,0.1687875707302740,0.31714606,2181.37,4098.72,$43627.37,$81974.33
2024-02-05,0.1683279818480510,0.3153363,2175.43,4075.33,$43508.58,$81506.55
2024-02-06,0.1737684115159940,0.31335503,2245.74,4049.72,$44914.79,$80994.44
2024-02-07,0.1772811438149800,0.32333013,2291.14,4178.64,$45822.74,$83572.76
2024-02-08,0.1772811438149800,0.32466978,2291.14,4195.95,$45822.74,$83919.02
2024-02-09,0.1793178404141140,0.3342046,2317.46,4319.18,$46349.18,$86383.53
2024-02-12,0.1735248415707250,0.33006626,2242.59,4265.69,$44851.83,$85313.88
2024-02-13,0.1709078557560130,0.31440118,2208.77,4063.24,$44175.41,$81264.85
2024-02-14,0.1709078557560130,0.32487622,2208.77,4198.62,$44175.41,$83972.38
2024-02-15,0.1704673896620080,0.32734376,2203.08,4230.51,$44061.56,$84610.18
2024-02-16,0.1704673896620080,0.31810412,2203.08,4111.10,$44061.56,$82221.96
2024-02-20,0.1704673896620080,0.31060025,2203.08,4014.12,$44061.56,$80282.40
2024-02-21,0.1704673896620080,0.30634904,2203.08,3959.18,$44061.56,$79183.57
2024-02-22,0.1704673896620080,0.33451864,2203.08,4323.24,$44061.56,$86464.71
2024-02-23,0.1704673896620080,0.331329,2203.08,4282.01,$44061.56,$85640.26
2024-02-26,0.1704673896620080,0.33083495,2203.08,4275.63,$44061.56,$85512.56
2024-02-27,0.1704673896620080,0.33302805,2203.08,4303.97,$44061.56,$86079.43
2024-02-28,0.1704673896620080,0.32753676,2203.08,4233.00,$44061.56,$84660.06
2024-02-29,0.1704673896620080,0.3357623,2203.08,4339.31,$44061.56,$86786.16
2024-03-01,0.1704673896620080,0.35026488,2203.08,4526.74,$44061.56,$90534.71
2024-03-04,0.1704673896620080,0.34613875,2203.08,4473.41,$44061.56,$89468.21
2024-03-05,0.1704673896620080,0.32830748,2203.08,4242.96,$44061.56,$84859.28
2024-03-06,0.1704673896620080,0.33450583,2203.08,4323.07,$44061.56,$86461.39
2024-03-07,0.1704673896620080,0.34924242,2203.08,4513.52,$44061.56,$90270.43
2024-03-08,0.1691166334721860,0.33464274,2185.62,4324.84,$43712.42,$86496.78
2024-03-11,0.1691166334721860,0.33054772,2185.62,4271.92,$43712.42,$85438.32
2024-03-12,0.1753507985240500,0.34469303,2266.19,4454.73,$45323.80,$89094.53
2024-03-13,0.1768064334428350,0.33678675,2285.00,4352.55,$45700.04,$87050.96
2024-03-14,0.1808340860552560,0.3339598,2337.05,4316.01,$46741.09,$86320.26
2024-03-15,0.1818972887303970,0.32185084,2350.80,4159.52,$47015.90,$83190.40
2024-03-18,0.1818972887303970,0.33127558,2350.80,4281.32,$47015.90,$85626.46
2024-03-19,0.1815549670536710,0.3334946,2346.37,4310.00,$46927.42,$86200.02
2024-03-20,0.1814860725899050,0.34516674,2345.48,4460.85,$46909.61,$89216.97
2024-03-21,0.1908820947755880,0.34917527,2466.91,4512.65,$49338.25,$90253.08
2024-03-22,0.1908820947755880,0.34988856,2466.91,4521.87,$49338.25,$90437.45
2024-03-25,0.1908820947755880,0.34651813,2466.91,4478.31,$49338.25,$89566.27
2024-03-26,0.1908820947755880,0.3433117,2466.91,4436.87,$49338.25,$88737.49
2024-03-27,0.1887176519558120,0.34636962,2438.94,4476.39,$48778.80,$89527.89
2024-03-28,0.1871629680572370,0.34400293,2418.85,4445.81,$48376.95,$88916.16
2024-04-01,0.1871629680572370,0.3457481,2418.85,4468.36,$48376.95,$89367.24
2024-04-02,0.1871629680572370,0.3368007,2418.85,4352.73,$48376.95,$87054.56
2024-04-03,0.1871629680572370,0.33899462,2418.85,4381.08,$48376.95,$87621.63
2024-04-04,0.2058669842554080,0.32276398,2660.57,4171.32,$53211.47,$83426.42
2024-04-05,0.2029115082004860,0.33475226,2622.38,4326.25,$52447.55,$86525.09
2024-04-08,0.2029115082004860,0.33498484,2622.38,4329.26,$52447.55,$86585.21
2024-04-09,0.2029115082004860,0.33853132,2622.38,4375.09,$52447.55,$87501.88
2024-04-10,0.2000459784649140,0.32920304,2585.34,4254.54,$51706.88,$85090.76
2024-04-11,0.2000459784649140,0.34503263,2585.34,4459.12,$51706.88,$89182.31
2024-04-12,0.2002541400906920,0.3285852,2588.03,4246.55,$51760.69,$84931.06
2024-04-15,0.2138323334984310,0.3117086,2763.52,4028.44,$55270.31,$80568.88
2024-04-16,0.2141822576340930,0.31172273,2768.04,4028.63,$55360.76,$80572.53
2024-04-17,0.2141822576340930,0.29921246,2768.04,3866.95,$55360.76,$77338.94
2024-04-18,0.2134408122910830,0.29300505,2758.46,3786.72,$55169.11,$75734.48
2024-04-19,0.2286648756953580,0.272084,2955.21,3516.35,$59104.15,$70326.91
2024-04-22,0.2318022750141610,0.2818572,2995.75,3642.65,$59915.09,$72853.04
2024-04-23,0.228501880755175,0.29654673,2953.10,3832.50,$59062.02,$76649.92
2024-04-24,0.228501880755175,0.2994391,2953.10,3869.88,$59062.02,$77397.52
2024-04-25,0.2375951052426900,0.29427257,3070.62,3803.11,$61412.39,$76062.10
2024-04-26,0.2322242459804330,0.30963767,3001.21,4001.68,$60024.16,$80033.60
2024-04-29,0.2322242459804330,0.31331664,3001.21,4049.23,$60024.16,$80984.52
2024-04-30,0.2359323226437480,0.29408807,3049.13,3800.72,$60982.61,$76014.41
2024-05-01,0.2495125787963840,0.28651595,3224.64,3702.86,$64492.76,$74057.21
2024-05-02,0.2473612179301200,0.29887354,3196.83,3862.57,$63936.69,$77251.34
2024-05-03,0.2473612179301200,0.31869197,3196.83,4118.70,$63936.69,$82373.91
2024-05-06,0.2473612179301200,0.32950777,3196.83,4258.48,$63936.69,$85169.52
2024-05-07,0.2473612179301200,0.32948047,3196.83,4258.12,$63936.69,$85162.46
2024-05-08,0.2473612179301200,0.32872516,3196.83,4248.36,$63936.69,$84967.24
2024-05-09,0.2473612179301200,0.33052453,3196.83,4271.62,$63936.69,$85432.33
2024-05-10,0.2473612179301200,0.33262226,3196.83,4298.73,$63936.69,$85974.54
2024-05-13,0.2473612179301200,0.33490688,3196.83,4328.25,$63936.69,$86565.06
2024-05-14,0.2473612179301200,0.3412137,3196.83,4409.76,$63936.69,$88195.21
2024-05-15,0.2565517514713070,0.3563737,3315.61,4605.68,$66312.21,$92113.69
2024-05-16,0.2565517514713070,0.3541374,3315.61,4576.78,$66312.21,$91535.66
2024-05-17,0.2551845359930670,0.35346702,3297.94,4568.12,$65958.82,$91362.39
2024-05-20,0.2551845359930670,0.36029744,3297.94,4656.39,$65958.82,$93127.88
2024-05-21,0.2551845359930670,0.3621342,3297.94,4680.13,$65958.82,$93602.64
2024-05-22,0.2509771609193190,0.3617621,3243.57,4675.32,$64871.32,$93506.46
2024-05-23,0.2587104730728240,0.3565877,3343.51,4608.45,$66870.19,$92169.01
2024-05-24,0.2587104730728240,0.36603653,3343.51,4730.56,$66870.19,$94611.29
2024-05-28,0.259968532412131,0.36967266,3359.77,4777.56,$67195.37,$95551.14
2024-05-29,0.259968532412131,0.36269373,3359.77,4687.36,$67195.37,$93747.26
2024-05-30,0.259968532412131,0.3516151,3359.77,4544.19,$67195.37,$90883.71
2024-05-31,0.2791791599775020,0.35133305,3608.04,4540.54,$72160.83,$90810.81
2024-06-03,0.2778270934686590,0.3542324,3590.57,4578.01,$71811.36,$91560.22
2024-06-04,0.2778270934686590,0.35685602,3590.57,4611.92,$71811.36,$92238.36
2024-06-05,0.279512706274545,0.37673557,3612.35,4868.84,$72247.05,$97376.73
2024-06-06,0.279512706274545,0.3755426,3612.35,4853.42,$72247.05,$97068.37